{
  "XGB_SMOTE": {
    "accuracy": 0.9935907375820541,
    "precision": 0.9996288736314716,
    "recall": 0.9927513975059893,
    "f1": 0.9961782654256303
  },
  "RF_SMOTE": {
    "accuracy": 0.9929704863803174,
    "precision": 0.9975957092657666,
    "recall": 0.9940414030345844,
    "f1": 0.9958153846153847
  },
  "RF_RUS": {
    "accuracy": 0.9931255491807516,
    "precision": 0.9988876529477196,
    "recall": 0.9929356840100744,
    "f1": 0.9959027756384584
  },
  "SVM": {
    "accuracy": 0.9512069054633794,
    "precision": 0.953564034309376,
    "recall": 0.990232815283494,
    "f1": 0.9715525554484089
  },
  "XGB_PCA": {
    "accuracy": 0.9887837907685946,
    "precision": 0.9973371315333168,
    "recall": 0.989311382763069,
    "f1": 0.9933080457643322
  },
  "XGB_RFFS": {
    "accuracy": 0.9931772367808963,
    "precision": 0.9995050423807461,
    "recall": 0.9923828244978192,
    "f1": 0.9959312002959128
  }
}